{"accuracy": [0.5698010325431824, 0.819351315498352, 0.8711365461349487, 0.9111474752426147, 0.930607795715332, 0.9475606679916382, 0.9552466869354248, 0.9659307599067688, 0.9713818430900574, 0.9737803339958191], "loss": [1.2255680561065674, 0.5217311382293701, 0.36781367659568787, 0.25555986166000366, 0.19950732588768005, 0.1549556851387024, 0.13023245334625244, 0.10234363377094269, 0.08350734412670135, 0.07574654370546341], "val_accuracy": [0.75288987159729, 0.820065438747406, 0.8822246193885803, 0.9068702459335327, 0.9225736260414124, 0.9291166663169861, 0.9297710061073303, 0.934569239616394, 0.9197382926940918, 0.9398037195205688], "val_loss": [0.690290629863739, 0.5448518395423889, 0.34480467438697815, 0.2747712731361389, 0.22774502635002136, 0.20487511157989502, 0.2146391123533249, 0.19765810668468475, 0.26149043440818787, 0.18326954543590546]}